id,name,model_id:id,group_id:id,perm_read,perm_write,perm_create,perm_unlink
access_crm_ts_team,crm_ts.team,model_crm_ts_team,base.group_user,1,0,0,0
access_crm_ts_team_user,crm_ts.team.user,model_crm_ts_team,crm_ts_sales_team.group_sale_salesman,1,0,0,0
access_crm_ts_team_manager,crm_ts.team.manager,model_crm_ts_team,crm_ts_sales_team.group_sale_manager,1,1,1,1
access_crm_ts_team_member_all,access.crm_ts.team.member.all,model_crm_ts_team_member,,0,0,0,0
access_crm_ts_team_member_user,access.crm_ts.team.member.user,model_crm_ts_team_member,base.group_user,1,0,0,0
access_crm_ts_team_member_manager,access.crm_ts.team.member.manager,model_crm_ts_team_member,crm_ts_sales_team.group_sale_manager,1,1,1,1
access_crm_ts_tag,crm_ts_tag,model_crm_ts_tag,base.group_user,0,0,0,0
access_crm_ts_tag_salesman,crm_ts_tag salesman,model_crm_ts_tag,crm_ts_sales_team.group_sale_salesman,1,1,1,0
access_crm_ts_tag_manager,crm_ts_tag manager,model_crm_ts_tag,crm_ts_sales_team.group_sale_manager,1,1,1,1
